{"cameraMode":{"drawMode":0,"name":"Shaded","section":"Shading Mode"},"sceneLighting":true,"audioPlay":false,"sceneViewState":{"m_AlwaysRefresh":false,"showFog":true,"showSkybox":true,"showFlares":true,"showImageEffects":true,"showParticleSystems":true,"showVisualEffectGraphs":true,"m_FxEnabled":true},"in2DMode":false,"pivot":{"x":-28.837844848632814,"y":-8.436656951904297,"z":27.047075271606447},"rotation":{"x":-0.0956609845161438,"y":-0.42820698022842409,"z":-0.04564214497804642,"w":0.8974511027336121},"size":11.131933212280274,"orthographic":false}