{"cameraMode":{"drawMode":0,"name":"Shaded","section":"Shading Mode"},"sceneLighting":true,"audioPlay":false,"sceneViewState":{"showFog":true,"showMaterialUpdate":false,"showSkybox":true,"showFlares":true,"showImageEffects":true,"showParticleSystems":true},"in2DMode":false,"pivot":{"x":116.88899993896485,"y":-82.9879379272461,"z":-17.971969604492189},"rotation":{"x":0.13280361890792848,"y":0.8587343692779541,"z":-0.2789723575115204,"w":0.4087965488433838},"size":93.88262939453125,"orthographic":false}